Pergunta;Resposta do LLM
Qual é a descrição da operação?;
Qual é a justificativa estratégica e econômica para a operação?;
Qual é o CNAE da empresa ou empresas envolvidas?;
Qual ou quais são os requerentes?;
Qual a natureza da operação?;
Qual é a abrangência das atividades das partes? (pode ser total, parcial ou não se aplica);
Qual é o valor da operação?;
Trata-se de aquisição de ativos, aquisição de participação societária, e/ou joint venture?;
As partes foram notificada em outras jurisdições? (Sim ou Não);
Possui cláusula de não concorrência? (Sim ou Não);
Qual a definição dos mercados relevantes afetados sob as dimensões de produto e geografia?;
Qual é o grau (percentual aproximado) substitutibilidade dos produtos?;
Existre sobreposição horizontal? Qual o percentual aproximado?;
Existe integração vertical? Qual o percentual aproximado?;
Quais foram as observações finais?;
Foi realizado o pagamento de GRU?;
Pertence à Associação?